Date,Name,Year,Letterboxd URI,Rating
2021-03-07,Orphan,2009,https://boxd.it/1CgM,3.5
2021-03-07,The Invisible Man,2020,https://boxd.it/kWlA,4
2021-03-07,Striptease,1996,https://boxd.it/1XCY,2
2021-03-07,The Little Shop of Horrors,1960,https://boxd.it/1xDm,2
2021-03-07,12 Angry Men,1957,https://boxd.it/2auI,4
2021-03-07,No Country for Old Men,2007,https://boxd.it/21ew,5
2021-03-12,Aliens,1986,https://boxd.it/29PA,4.5
2021-03-12,Gunpowder,2017,https://boxd.it/hu4g,3
2021-03-15,Gone with the Wind,1939,https://boxd.it/29Fq,2.5
2021-03-17,Popcorn,1991,https://boxd.it/131C,3
2021-03-18,Subspecies,1991,https://boxd.it/1wZm,2
2021-03-19,City Lights,1931,https://boxd.it/29ki,3
2021-03-20,The Silence of the Lambs,1991,https://boxd.it/2aHW,4.5
2021-03-20,Unforgiven,1992,https://boxd.it/6Z4,4.5
2021-03-20,"20,000 Leagues Under the Sea",1954,https://boxd.it/2aXq,2.5
2021-03-20,The Prestige,2006,https://boxd.it/293w,4.5
2021-03-21,Star Wars: The Force Awakens,2015,https://boxd.it/4vru,3
2021-03-22,The Mummy,1999,https://boxd.it/2a7a,4.5
2021-03-22,Once Upon a Time... in Hollywood,2019,https://boxd.it/gH0O,4
2021-03-22,E.T. the Extra-Terrestrial,1982,https://boxd.it/2a1G,3.5
2021-03-22,It,2017,https://boxd.it/bC8e,3
2021-03-23,It Chapter Two,2019,https://boxd.it/h10u,2
2021-04-09,What Lies Below,2020,https://boxd.it/qPQ4,2.5
2021-04-12,I Care a Lot,2020,https://boxd.it/mcHk,4.5
2021-04-13,Legally Blonde,2001,https://boxd.it/1ZNa,5
2021-04-18,1BR,2019,https://boxd.it/mBag,3.5
2021-04-20,Thunder Force,2021,https://boxd.it/mLsE,2
2021-04-21,Before I Wake,2016,https://boxd.it/9BgC,2
2021-04-25,Mystery Men,1999,https://boxd.it/1XIM,2.5
2021-05-12,Ready Player One,2018,https://boxd.it/aZes,2
2021-05-12,Dead Silence,2007,https://boxd.it/1OWK,1.5
2021-05-13,Superman,1978,https://boxd.it/27Qm,3
2021-05-19,Psycho,1960,https://boxd.it/2ab2,5
2021-05-19,Nightmare Weekend,1986,https://boxd.it/3XTY,1
2021-05-21,The Man with Two Brains,1983,https://boxd.it/1TtI,3
2021-05-25,The 10th Victim,1965,https://boxd.it/38w,3.5
2021-05-25,1408,2007,https://boxd.it/25Vu,3.5
2021-05-27,5 Card Stud,1968,https://boxd.it/23uw,2.5
2021-05-27,After School Massacre,2014,https://boxd.it/9tYQ,1
2021-05-27,The Adventures of Ford Fairlane,1990,https://boxd.it/1Yp2,1.5
2021-05-28,Spider-Man: Into the Spider-Verse,2018,https://boxd.it/azpY,5
2021-05-31,And Then There Were None,1945,https://boxd.it/23J2,2.5
2021-05-31,The Incredibles,2004,https://boxd.it/1XLm,4
2021-05-31,Chopping Mall,1986,https://boxd.it/1ow2,2
2021-06-01,Alone in the Dark,1982,https://boxd.it/10xq,3
2021-06-02,American Gothic,1987,https://boxd.it/Bpc,3
2021-06-02,Ants!,1977,https://boxd.it/2gaO,1
2021-06-06,Dune,1984,https://boxd.it/29tY,3
2021-06-06,Logan's Run,1976,https://boxd.it/1Vma,3
2021-06-09,1984,1956,https://boxd.it/27HO,3
2021-06-10,Angels with Dirty Faces,1938,https://boxd.it/1PBI,4
2021-06-15,Ready or Not,2019,https://boxd.it/kOf0,5
2021-06-17,April Fool's Day,2008,https://boxd.it/1uiq,1.5
2021-06-18,Run,2020,https://boxd.it/jVM4,4
2021-06-18,Demon Dolls,1993,https://boxd.it/6I22,0.5
2021-06-19,The Backlot Murders,2002,https://boxd.it/1dmq,3
2021-06-21,Black Sunday,1960,https://boxd.it/1rlG,1.5
2021-06-21,The Ten Commandments,1923,https://boxd.it/1wWW,1
2021-06-21,I Wake Up Screaming,1941,https://boxd.it/1BDU,3
2021-06-22,One on Top of the Other,1969,https://boxd.it/2wys,3
2021-06-26,There's Nothing Out There,1991,https://boxd.it/YyQ,3
2021-06-26,Cars,2006,https://boxd.it/29ho,2.5
2021-06-27,Jurassic World: Fallen Kingdom,2018,https://boxd.it/bOnU,2
2021-06-28,Sorority House Massacre,1986,https://boxd.it/110s,1.5
2021-07-01,I Saw the Devil,2010,https://boxd.it/FaK,5
2021-07-01,Bordello of Blood,1996,https://boxd.it/1YHq,1.5
2021-07-01,Tales from the Crypt: Demon Knight,1995,https://boxd.it/1ZgK,2.5
2021-07-01,Leprechaun,1993,https://boxd.it/1T2i,1
2021-07-01,Lake Consequence,1993,https://boxd.it/18vW,3
2021-07-11,The Hunger Games,2012,https://boxd.it/2uds,4
2021-07-14,The Hunger Games: Catching Fire,2013,https://boxd.it/3sAw,2.5
2021-07-14,The Hunger Games: Mockingjay – Part 1,2014,https://boxd.it/4hka,2.5
2021-07-14,The Hunger Games: Mockingjay – Part 2,2015,https://boxd.it/4hk0,3
2021-07-24,Dogtooth,2009,https://boxd.it/158K,3
2021-07-27,Heat,1995,https://boxd.it/2bg8,5
2021-07-29,I Like to Play Games,1995,https://boxd.it/2dbO,1.5
2021-07-31,Jungle Cruise,2021,https://boxd.it/g4YK,2
2021-08-03,The Vault,2021,https://boxd.it/nleI,2.5
2021-08-03,Fear Street: 1994,2021,https://boxd.it/lLBk,3.5
2021-08-03,Fear Street: 1978,2021,https://boxd.it/lLBu,3
2021-08-04,Fear Street: 1666,2021,https://boxd.it/lLBE,3
2021-08-05,Daughters of Satan,1972,https://boxd.it/Nay,2
2021-08-06,Werewolf of London,1935,https://boxd.it/1qya,2
2021-08-07,Party Girl,1958,https://boxd.it/1vqU,3
2021-08-07,Pretty Baby,1978,https://boxd.it/1sLg,0.5
2021-08-07,Mardi Gras Massacre,1978,https://boxd.it/jUc,0.5
2021-08-09,Alien,1979,https://boxd.it/2awY,5
2021-08-09,Harry Potter and the Philosopher's Stone,2001,https://boxd.it/29QS,3.5
2021-08-09,Aftermath,2021,https://boxd.it/sFqO,3
2021-08-13,The Curse of the Living Corpse,1964,https://boxd.it/1k7i,2
2021-08-19,Looker,1981,https://boxd.it/2lvM,2
2021-08-22,Madman,1981,https://boxd.it/JsS,2
2021-08-22,Maniac Cop,1988,https://boxd.it/1OtS,2.5
2021-08-24,Mystery of the Wax Museum,1933,https://boxd.it/1gJW,2.5
2021-08-26,The Invisible Man,1933,https://boxd.it/1VoK,3
2021-08-30,All That Money Can Buy,1941,https://boxd.it/1nsy,2
2021-08-30,Evils of the Night,1985,https://boxd.it/2fi8,2
2021-09-11,Plan 9 from Outer Space,1957,https://boxd.it/1W50,1.5
2021-09-16,Disturbing Behavior,1998,https://boxd.it/1YIy,1.5
2021-09-16,Modern Vampires,1998,https://boxd.it/1k5m,2
2021-09-16,Devil in the Flesh,1998,https://boxd.it/Py8,1.5
2021-09-20,I Know What You Did Last Summer,1997,https://boxd.it/2588,3
2021-09-20,Top Girl,1996,https://boxd.it/8M12,0.5
2021-09-23,Leprechaun 2,1994,https://boxd.it/1HIG,1
2021-09-25,A Fistful of Dollars,1964,https://boxd.it/2auo,2.5
2021-10-02,The Addams Family 2,2021,https://boxd.it/nJww,1.5
2021-10-04,Ant-Man and the Wasp,2018,https://boxd.it/cqUW,2.5
2021-10-07,Ghostbusters,1984,https://boxd.it/g2w,3.5
2021-10-07,A Nightmare on Elm Street,1984,https://boxd.it/2aw0,4.5
2021-10-11,The Night Evelyn Came Out of the Grave,1971,https://boxd.it/WKA,2.5
2021-10-26,Dune,2021,https://boxd.it/fA7G,4.5
2021-10-26,Cheerleader Massacre,2003,https://boxd.it/1XtM,1.5
2021-11-05,Cheerleader Camp,1988,https://boxd.it/12vw,1.5
2021-11-05,Ghosthouse,1988,https://boxd.it/1k6k,1
2021-11-05,Clownhouse,1989,https://boxd.it/1vb6,1
2021-11-11,The Most Dangerous Game,1932,https://boxd.it/27Gc,3.5
2021-11-19,The Girl Who Knew Too Much,1963,https://boxd.it/1qou,3
2021-11-19,The 'Burbs,1989,https://boxd.it/1SDi,4
2021-11-24,The Gore Gore Girls,1972,https://boxd.it/1q5s,1
2021-11-26,Pilgrim,2019,https://boxd.it/nTRY,4
2021-12-18,The Man Who Invented Christmas,2017,https://boxd.it/g37q,3
2021-12-19,Blood Night: The Legend of Mary Hatchet,2009,https://boxd.it/Lk2,2.5
2021-12-20,House of Wax,2005,https://boxd.it/1XaU,3
2021-12-20,"Think Fast, Mr. Moto",1937,https://boxd.it/hLC,1.5
2021-12-21,Brides of Blood,1968,https://boxd.it/2Hkc,1.5
2021-12-21,Coyote Ugly,2000,https://boxd.it/21PW,2.5
2021-12-21,How Sweet It Is!,1968,https://boxd.it/77hm,1
2021-12-22,High School Confidential!,1958,https://boxd.it/Vfw,2
2021-12-22,The Whip and the Body,1963,https://boxd.it/1rl2,2.5
2021-12-22,Alexander The Great,1968,https://boxd.it/8xv2,2
2021-12-22,Bride of Frankenstein,1935,https://boxd.it/2aPc,3
2021-12-22,House of Wax,1953,https://boxd.it/1GGE,2
2021-12-22,The Fly,1958,https://boxd.it/1T1E,3.5
2021-12-23,Fahrenheit 451,1966,https://boxd.it/28fw,2.5
2021-12-23,"Daddy, Darling",1970,https://boxd.it/4BIc,1
2021-12-23,Scars of Dracula,1970,https://boxd.it/1dOY,2.5
2021-12-25,Sorority Row,2009,https://boxd.it/1tn0,3
2021-12-25,Pirates of the Caribbean: The Curse of the Black Pearl,2003,https://boxd.it/70G,5
2021-12-30,Don't Look Up,2021,https://boxd.it/o0Hc,5
2022-01-04,The Whole Truth,2021,https://boxd.it/xOly,2.5
2022-01-10,Zombie Lake,1981,https://boxd.it/1B0y,1
2022-01-17,Easy A,2010,https://boxd.it/17DK,3
2022-01-20,The Godfather,1972,https://boxd.it/2aNK,5
2022-01-24,Battle Beyond the Stars,1980,https://boxd.it/1O2W,3.5
2022-02-01,The Disappearance of Alice Creed,2009,https://boxd.it/15M6,3.5
2022-02-01,The Girl with the Hungry Eyes,1995,https://boxd.it/biUs,0.5
2022-02-06,Mysterious Mr. Moto,1938,https://boxd.it/1nnS,2
2022-02-08,Modesty Blaise,1966,https://boxd.it/1a8U,2
2022-02-10,Pulp Fiction,1994,https://boxd.it/29Pq,5
2022-02-12,The Count of Monte Cristo,2002,https://boxd.it/1U24,5
2022-02-20,All of Us Are Dead,2022,https://boxd.it/zeGO,2.5
2022-02-22,End of Days,1999,https://boxd.it/1XsO,2.5
2022-02-22,Call Me,1988,https://boxd.it/Y7q,2
2022-02-23,Death Spa,1988,https://boxd.it/1pHq,1
2022-02-23,The Bride,1985,https://boxd.it/1oge,2.5
2022-02-24,The Empty Man,2020,https://boxd.it/iIWS,4.5
2022-02-26,Nobody,2021,https://boxd.it/mLqS,4
2022-02-27,The Night Eats the World,2018,https://boxd.it/gmgQ,2
2022-02-27,Squid Game,2021,https://boxd.it/x1OG,3.5
2022-03-01,Free Guy,2021,https://boxd.it/k8dm,2.5
2022-03-06,Terminator 3: Rise of the Machines,2003,https://boxd.it/2aES,2
2022-03-07,Harry Potter and the Prisoner of Azkaban,2004,https://boxd.it/29Qy,2
2022-03-11,Murder.com,2008,https://boxd.it/1Nlo,0.5
2022-03-24,Revenge of the Nerds,1984,https://boxd.it/1ORq,1.5
2022-03-24,Zapped!,1982,https://boxd.it/1yD8,0.5
2022-04-03,The Prowler,1981,https://boxd.it/Sr0,2.5
2022-04-07,Saw,2004,https://boxd.it/2aWW,3.5
2022-04-15,Twilight Zone: The Movie,1983,https://boxd.it/1Mtw,2
2022-04-25,Avengers: Endgame,2019,https://boxd.it/9vE4,3
2022-04-26,976-EVIL,1988,https://boxd.it/1yrw,1
2022-04-28,Saving Private Ryan,1998,https://boxd.it/29ro,5
2022-05-05,Campfire Tales,1997,https://boxd.it/1Kmy,1.5
2022-05-08,Fantastic Beasts and Where to Find Them,2016,https://boxd.it/7FPC,2
2022-05-10,Jeepers Creepers,2001,https://boxd.it/1ZAg,3
2022-05-10,Kick-Ass,2010,https://boxd.it/1zaQ,4
2022-05-10,American Pie,1999,https://boxd.it/27qy,3
2022-05-10,Hex,2018,https://boxd.it/kNXq,2
2022-05-13,Sleeping Beauty,1959,https://boxd.it/1V9A,2.5
2022-05-16,Deep Blue Sea,1999,https://boxd.it/1ZBo,2
2022-05-19,The Final Terror,1983,https://boxd.it/24xG,1.5
2022-05-19,Big Bad Wolves,2013,https://boxd.it/5hOQ,2.5
2022-05-21,36 Hours,1964,https://boxd.it/17La,2.5
2022-05-22,Everything Everywhere All at Once,2022,https://boxd.it/jUk4,3.5
2022-05-23,The Northman,2022,https://boxd.it/nK2s,3.5
2022-05-26,Urban Legend,1998,https://boxd.it/1XDi,3.5
2022-05-29,Star Trek II: The Wrath of Khan,1982,https://boxd.it/2b0u,4.5
2022-05-29,Hands of Steel,1986,https://boxd.it/2gn4,1
2022-05-30,Hard Candy,2005,https://boxd.it/26vs,5
2022-05-30,Hardcore,1979,https://boxd.it/XyA,3
2022-05-30,Hell Night,1981,https://boxd.it/1pJc,1.5
2022-05-30,The Amityville Horror,2005,https://boxd.it/1Xb4,2
2022-06-01,The Locked Door,1929,https://boxd.it/14Ao,3
2022-06-01,2019: After the Fall of New York,1983,https://boxd.it/1yK4,2.5
2022-06-04,Eraser,1996,https://boxd.it/1Z6U,2.5
2022-06-05,Paranormal Activity 2,2010,https://boxd.it/ZnO,2
2022-06-05,Pearl Harbor,2001,https://boxd.it/29Q4,2.5
2022-06-05,Twelve Monkeys,1995,https://boxd.it/2beQ,5
2022-06-06,Freeway,1996,https://boxd.it/1Uju,4.5
2022-06-09,America 3000,1986,https://boxd.it/1sbi,1
2022-06-09,Amuck!,1972,https://boxd.it/16I,2
2022-06-09,The Bagman,2002,https://boxd.it/1qhI,0.5
2022-06-10,The Wraith,1986,https://boxd.it/1Xia,2
2022-06-12,Ænigma,1987,https://boxd.it/11JW,1.5
2022-06-14,Wrong Turn,2003,https://boxd.it/1Xzq,2.5
2022-06-14,Lava,2014,https://boxd.it/8S9G,5
2022-06-14,Wrong Turn 2: Dead End,2007,https://boxd.it/1QDA,1
2022-06-15,Seven Women for Satan,1975,https://boxd.it/1lho,1.5
2022-06-18,Jeepers Creepers 2,2003,https://boxd.it/1U3Q,1.5
2022-06-18,"Extremely Wicked, Shockingly Evil and Vile",2019,https://boxd.it/glCG,2.5
2022-06-18,The Wicker Man,1973,https://boxd.it/1KnG,3.5
2022-06-20,Eyeball,1975,https://boxd.it/11HQ,2
2022-06-21,The Last Horror Film,1982,https://boxd.it/lAy,2
2022-06-22,April Fool's Day,1986,https://boxd.it/1wNq,2
2022-06-23,The Apparition,2012,https://boxd.it/2M3K,2
2022-06-23,The Ape,1940,https://boxd.it/18mq,1
2022-06-23,The Astral Factor,1978,https://boxd.it/3NhA,1
2022-06-27,Slaughter High,1986,https://boxd.it/1qK6,2
2022-06-27,Some Kind of Wonderful,1987,https://boxd.it/1MJu,3.5
2022-06-28,28 Days Later,2002,https://boxd.it/2aXU,3
2022-07-01,2001 Maniacs,2005,https://boxd.it/1Vfy,2
2022-07-03,Resident Evil,2002,https://boxd.it/28z2,1.5
2022-07-05,Terror Train,1980,https://boxd.it/10uQ,3
2022-07-06,Cat People,1982,https://boxd.it/21SQ,2.5
2022-07-08,Nothing but Trouble,1991,https://boxd.it/1SJK,1.5
2022-07-08,The Legend of Hell House,1973,https://boxd.it/1KEs,2.5
2022-07-09,After Death,1989,https://boxd.it/22z6,0.5
2022-07-09,My Soul to Keep,2019,https://boxd.it/ivFY,3.5
2022-07-10,Salem's Lot,1979,https://boxd.it/1U58,2
2022-07-10,Saturday the 14th,1981,https://boxd.it/1DqI,0.5
2022-07-10,Scorned,1993,https://boxd.it/5jw,0.5
2022-07-10,Sisters of Death,1976,https://boxd.it/GnK,1.5
2022-07-11,The Skulls,2000,https://boxd.it/1TKY,2
2022-07-11,The Slumber Party Massacre,1982,https://boxd.it/1rIq,2
2022-07-12,Slumber Party Massacre II,1987,https://boxd.it/1r1G,1
2022-07-12,So This Is Africa,1933,https://boxd.it/5dkM,2
2022-07-13,Secret Window,2004,https://boxd.it/28xq,3
2022-07-13,The Siege,1998,https://boxd.it/1XCu,3.5
2022-07-13,The Sleep of Death,1980,https://boxd.it/c4jk,1.5
2022-07-13,Slumber Party Massacre III,1990,https://boxd.it/1r1c,2.5
2022-07-13,So This Is Harris!,1933,https://boxd.it/6SE6,1.5
2022-07-15,10 to Midnight,1983,https://boxd.it/1GFG,3.5
2022-07-16,Phantasm,1979,https://boxd.it/1YaG,2.5
2022-07-24,The Ring,2002,https://boxd.it/2a70,5
2022-08-01,American Psycho,2000,https://boxd.it/28Vs,2
2022-08-02,Alita: Battle Angel,2019,https://boxd.it/e0rS,4
2022-08-03,Ma,2019,https://boxd.it/i8Wi,3.5
2022-08-04,The Amityville Horror,1979,https://boxd.it/1TPk,2
2022-08-09,The Stuff,1985,https://boxd.it/1GQa,2
2022-08-09,After Hours,1985,https://boxd.it/1VfS,3
2022-08-18,Weird Science,1985,https://boxd.it/1T1O,2
2022-08-18,Wicked Little Things,2006,https://boxd.it/1Ve6,1.5
2022-08-19,Splatter University,1984,https://boxd.it/1k6u,1.5
2022-08-19,Westworld,1973,https://boxd.it/26RS,3
2022-08-21,The Last House on the Left,1972,https://boxd.it/1M4m,2.5
2022-08-22,Ace Ventura: Pet Detective,1994,https://boxd.it/25RW,3
2022-08-22,30 Days of Night,2007,https://boxd.it/24dw,3
2022-08-23,30 Days of Night: Dark Days,2010,https://boxd.it/VH6,2
2022-08-24,200 Motels,1971,https://boxd.it/1rjA,0.5
2022-08-25,...All the Marbles,1981,https://boxd.it/1kKa,3.5
2022-08-26,Amazon Women on the Moon,1987,https://boxd.it/22Is,2.5
2022-08-29,Antisocial,2013,https://boxd.it/6dIc,1.5
2022-08-29,The Adventures of Robin Hood,1938,https://boxd.it/1V6G,3
2022-08-30,American Mary,2012,https://boxd.it/48WY,4
2022-08-30,An American Werewolf in Paris,1997,https://boxd.it/1YLi,1.5
2022-09-01,After Midnight,1989,https://boxd.it/6Ru,2
2022-09-01,Wrong Turn 4: Bloody Beginnings,2011,https://boxd.it/2qnS,2.5
2022-09-02,American Psycho II: All American Girl,2002,https://boxd.it/1VxC,1.5
2022-09-03,The 4th Floor,1999,https://boxd.it/FiO,2.5
2022-09-06,Alien Intruder,1993,https://boxd.it/16Da,1.5
2022-09-06,Apollo 18,2011,https://boxd.it/DQu,2.5
2022-09-07,Apache Woman,1976,https://boxd.it/32zM,1
2022-09-08,Anaconda,1997,https://boxd.it/1YSy,1.5
2022-09-12,The Rock,1996,https://boxd.it/1XM0,3.5
2022-09-14,Prime Evil,1988,https://boxd.it/2J1Q,2.5
2022-09-15,Pumpkinhead,1988,https://boxd.it/1tJq,3
2022-09-15,Real Genius,1985,https://boxd.it/1OeI,4.5
2022-10-10,The Contractor,2022,https://boxd.it/niAc,3
2022-10-10,The Last Starfighter,1984,https://boxd.it/1SRk,3
2022-10-10,Edge of Tomorrow,2014,https://boxd.it/4pD0,5
2022-10-16,Scream,2022,https://boxd.it/o0lg,3
2022-10-16,Firestarter,2022,https://boxd.it/jnA4,1.5
2022-10-16,Collateral,2004,https://boxd.it/28F0,3
2022-10-16,L.A. Confidential,1997,https://boxd.it/27oC,5
2022-10-25,The Town that Dreaded Sundown,2014,https://boxd.it/8UuQ,3
2022-10-26,Se7en,1995,https://boxd.it/29zs,5
2022-11-21,Futureworld,1976,https://boxd.it/1VKQ,1.5
2022-11-25,Baba Yaga,1973,https://boxd.it/rf2,2
2022-11-25,Island of Death,1976,https://boxd.it/12BY,1.5
2022-11-25,The Fatal Glass of Beer,1933,https://boxd.it/znI,1
2022-11-25,The Birth of a Nation,1915,https://boxd.it/29Zg,0.5
2022-11-26,This Is the End,2013,https://boxd.it/3GB4,2
2022-11-27,The Amazing Mr. X,1948,https://boxd.it/1mbc,3
2022-11-27,Rawhead Rex,1986,https://boxd.it/1Q1c,2.5
2022-11-29,Doppelganger,1993,https://boxd.it/1GlG,2.5
2022-11-30,Visiting Hours,1982,https://boxd.it/M4O,2
2022-12-02,Sometimes They Come Back,1991,https://boxd.it/1r0S,1.5
2022-12-02,Cool World,1992,https://boxd.it/1Ou2,1.5
2022-12-02,Vampirella,1996,https://boxd.it/qiO,0.5
2022-12-02,Strangeland,1998,https://boxd.it/1qYi,2.5
2022-12-02,Species,1995,https://boxd.it/1YUk,3.5
2022-12-03,Species II,1998,https://boxd.it/1WNw,2
2022-12-03,Vampires,1998,https://boxd.it/1XsY,1.5
2022-12-03,The Haunting,1999,https://boxd.it/1Tpw,2.5
2022-12-03,Idle Hands,1999,https://boxd.it/21xI,1
2022-12-04,We Need to Talk About Kevin,2011,https://boxd.it/2pTS,3.5
2022-12-05,The Gingerbread Man,1998,https://boxd.it/1RT0,2
2022-12-07,Abduction 101,2019,https://boxd.it/mDdG,1.5
2022-12-08,The Old Dark House,1932,https://boxd.it/1iL6,2
2022-12-08,Waxwork,1988,https://boxd.it/1odO,1.5
2022-12-10,711 Ocean Drive,1950,https://boxd.it/195U,2
2022-12-21,A Bay of Blood,1971,https://boxd.it/232i,3
2022-12-21,Bedazzled,2000,https://boxd.it/28qu,1.5
2022-12-21,Bad Dreams,1988,https://boxd.it/hyy,2.5
2022-12-23,A Christmas Story,1983,https://boxd.it/29sw,5
2022-12-25,The Grinch,2018,https://boxd.it/chpK,3
2022-12-25,Barbarian Queen,1985,https://boxd.it/1mpo,2.5
2022-12-25,Basic,2003,https://boxd.it/1Vpy,1.5
2022-12-26,Hatchet,2006,https://boxd.it/1SNC,2.5
2022-12-26,Hatchet II,2010,https://boxd.it/TfO,1.5
2022-12-26,Haunted Honeymoon,1986,https://boxd.it/1yiO,1.5
2022-12-26,Hatchet III,2013,https://boxd.it/5bQw,1.5
2022-12-26,The Haunting of Morella,1990,https://boxd.it/1mp4,1.5
2022-12-26,Hitcher in the Dark,1989,https://boxd.it/2ldS,1.5
2022-12-26,House,1985,https://boxd.it/1TTG,1.5
2022-12-27,Human Experiments,1979,https://boxd.it/2ooa,0.5
2022-12-27,I Still Know What You Did Last Summer,1998,https://boxd.it/257O,1.5
2022-12-27,Immortal Sins,1991,https://boxd.it/51Ko,1.5
2022-12-27,Impact,1949,https://boxd.it/1vGS,2
2022-12-28,Invaders from Mars,1986,https://boxd.it/1i8S,1
2022-12-28,Invisible Agent,1942,https://boxd.it/1pCA,1.5
2022-12-28,The Night Stalker,1972,https://boxd.it/1Mom,2.5
2022-12-28,Night of the Demons,1988,https://boxd.it/1wLO,2.5
2022-12-29,Happy Birthday to Me,1981,https://boxd.it/179U,3
2022-12-30,Blood Sabbath,1972,https://boxd.it/1pXI,0.5
2022-12-30,Capricorn One,1977,https://boxd.it/1SJq,3
2022-12-30,A Certain Sacrifice,1985,https://boxd.it/5eo6,0.5
2022-12-31,The Creeping Flesh,1973,https://boxd.it/WPq,1
2023-01-04,Violent Night,2022,https://boxd.it/xXBA,4
2023-01-06,Louis C.K.: Sorry,2021,https://boxd.it/yy7C,3
2023-01-06,Mars Attacks!,1996,https://boxd.it/2bd4,2.5
2023-01-06,The Beyond,1981,https://boxd.it/1FtY,1
2023-01-06,The Blob,1988,https://boxd.it/1YgY,3
2023-01-08,#1 Cheerleader Camp,2010,https://boxd.it/Zww,0.5
2023-01-08,Asylum,1972,https://boxd.it/1uGM,3
2023-01-10,Along Came a Spider,2001,https://boxd.it/27yW,2.5
2023-01-10,A.I. Rising,2018,https://boxd.it/ihpC,2.5
2023-01-11,Marihuana,1936,https://boxd.it/9ue,1
2023-01-11,Girls School Screamers,1986,https://boxd.it/30oM,1
2023-01-12,So I Married an Axe Murderer,1993,https://boxd.it/1WfO,3
2023-01-12,The Medicine Man,1930,https://boxd.it/5any,1
2023-01-13,Gothika,2003,https://boxd.it/23y4,1.5
2023-01-13,Half Shot at Sunrise,1930,https://boxd.it/31Yc,1.5
2023-01-13,Drive Thru,2007,https://boxd.it/Nuy,2
2023-01-15,Bloody Moon,1981,https://boxd.it/12UQ,2.5
2023-01-16,Fantasy Island,2020,https://boxd.it/jEVy,2
2023-01-17,Mortuary,1983,https://boxd.it/QUY,2.5
2023-01-18,Killer Mermaid,2014,https://boxd.it/7HCU,3
2023-01-18,Ghostbusters,2016,https://boxd.it/Vm8,3
2023-01-18,Ouija: Origin of Evil,2016,https://boxd.it/b5EG,3
2023-01-19,Jackass Presents: Bad Grandpa,2013,https://boxd.it/6e3u,1.5
2023-01-19,Truth or Dare,2018,https://boxd.it/grIA,1.5
2023-01-20,Gremlins 2: The New Batch,1990,https://boxd.it/29g6,2
2023-01-20,Sinbad and the War of the Furies,2016,https://boxd.it/fiXO,0.5
2023-01-20,Tom Holland's Twisted Tales,2014,https://boxd.it/7IXE,1.5
2023-01-25,Hellraiser: Judgment,2018,https://boxd.it/fNRC,1.5
2023-01-25,Willy's Wonderland,2021,https://boxd.it/nTcG,2
2023-01-28,Intolerance: Love's Struggle Throughout the Ages,1916,https://boxd.it/25Qk,1
2023-01-30,Maniac,1934,https://boxd.it/1zD4,1
2023-01-30,Road House,1989,https://boxd.it/1X0g,4
2023-02-01,Johnny Mnemonic,1995,https://boxd.it/1XBQ,2
2023-02-08,True Romance,1993,https://boxd.it/2aBa,5
2023-02-10,The Russian Bride,2018,https://boxd.it/j3KI,3.5
2023-02-11,Recovery,2019,https://boxd.it/lZQy,2.5
2023-02-14,Death Wish,1974,https://boxd.it/1P5i,2.5
2023-02-17,Death Wish II,1982,https://boxd.it/1Oeo,2
2023-02-17,Where Evil Lives,1991,https://boxd.it/3XOE,0.5
2023-02-17,Dick Tracy,1990,https://boxd.it/201w,2
2023-02-20,Copycat,1995,https://boxd.it/28ga,4
2023-02-20,Death Machine,1994,https://boxd.it/28gE,1.5
2023-02-20,Ex Machina,2015,https://boxd.it/7T2k,5
2023-02-21,Empire Records,1995,https://boxd.it/1PY8,2
2023-02-21,Not Like Us,1995,https://boxd.it/2YfI,1.5
2023-02-23,The Surgeon,1995,https://boxd.it/4jVM,2.5
2023-02-23,The Addiction,1995,https://boxd.it/1cZQ,3
2023-02-23,Sorceress,1995,https://boxd.it/1pnA,1
2023-02-24,Wishmaster,1997,https://boxd.it/1WtG,2
2023-02-24,Wishmaster 2: Evil Never Dies,1999,https://boxd.it/1RCy,2
2023-02-27,Vamp U,2013,https://boxd.it/5c4I,1
2023-02-27,Black Panther: Wakanda Forever,2022,https://boxd.it/igPu,3
2023-02-28,Sorceress,1982,https://boxd.it/YgW,1
2023-02-28,The Majorettes,1986,https://boxd.it/30o8,1
2023-02-28,Wishmaster 3: Beyond the Gates of Hell,2001,https://boxd.it/1p9S,1
2023-02-28,Tremors,1990,https://boxd.it/1YSe,3
2023-03-01,Fear of the Dark,2003,https://boxd.it/Sz4,2
2023-03-01,The Shunned House,2003,https://boxd.it/5szW,1
2023-03-01,The Invitation,2003,https://boxd.it/64C0,2
2023-03-04,Vampires: Los Muertos,2002,https://boxd.it/1VQu,1
2023-03-05,Spun,2002,https://boxd.it/1SAo,3
2023-03-06,The Man Who Knew Too Little,1997,https://boxd.it/1YKa,2.5
2023-03-07,All-American Murder,1991,https://boxd.it/44Xo,2
2023-03-08,Without Warning!,1952,https://boxd.it/1vIk,2
2023-03-08,The Ghost Galleon,1974,https://boxd.it/1qks,1.5
2023-03-09,Valentine,2001,https://boxd.it/1UVI,3
2023-03-11,Devil in the Flesh 2,2000,https://boxd.it/Ply,1.5
2023-03-11,Trick 'r Treat,2007,https://boxd.it/1zvE,3.5
2023-03-11,Voodoo Lagoon,2007,https://boxd.it/4b9g,0.5
2023-03-12,BloodRayne,2005,https://boxd.it/5dxm,1
2023-03-13,Night of the Demons 2,1994,https://boxd.it/1wLE,1.5
2023-03-13,The Return of the Living Dead,1985,https://boxd.it/1V3W,3.5
2023-03-13,Return of the Living Dead Part II,1988,https://boxd.it/1wL0,1
2023-03-13,The Shadow,1994,https://boxd.it/1ZKK,1.5
2023-03-14,Sirens,1994,https://boxd.it/1RO0,3.5
2023-03-14,The Voyeur,1994,https://boxd.it/2lo2,3
2023-03-14,Angel Eyes,1993,https://boxd.it/1oEU,1
2023-03-15,Demon Wind,1990,https://boxd.it/jky,1.5
2023-03-15,Fatal Exam,1990,https://boxd.it/97rK,1
2023-03-15,Black Cobra,1976,https://boxd.it/1mh0,1.5
2023-03-19,Bloody Birthday,1981,https://boxd.it/rAO,3
2023-03-20,Massacre at Central High,1976,https://boxd.it/1Ksm,2.5
2023-03-21,Nightmare in Badham County,1976,https://boxd.it/3nVk,3
2023-03-21,The House on Sorority Row,1983,https://boxd.it/12b2,2
2023-03-22,Sorority House Massacre II,1990,https://boxd.it/11Mm,1
2023-03-22,Two Evil Eyes,1990,https://boxd.it/1njc,1.5
2023-03-22,Critters,1986,https://boxd.it/24Sk,1.5
2023-03-22,Critters 2,1988,https://boxd.it/1X1y,2
2023-03-23,Witchery,1988,https://boxd.it/24jE,1
2023-03-26,The Purge,2013,https://boxd.it/4Xg0,2.5
2023-03-26,Blood Frenzy,1987,https://boxd.it/30mG,1
2023-03-26,Batman,1989,https://boxd.it/2aIU,3
2023-03-28,Frightmare,1981,https://boxd.it/30eW,1.5
2023-03-28,Phantom of the Mall: Eric's Revenge,1989,https://boxd.it/33Nq,1
2023-03-29,Kinjite: Forbidden Subjects,1989,https://boxd.it/iC2,1
2023-03-29,Night of the Demons III,1997,https://boxd.it/12mO,0.5
2023-03-29,Groundhog Day,1993,https://boxd.it/2b3e,5
2023-03-29,Predator 2,1990,https://boxd.it/2aY4,2.5
2023-03-30,Late Night Trains,1974,https://boxd.it/12KQ,2.5
2023-03-30,Catacombs,1988,https://boxd.it/3GQI,1.5
2023-04-01,Cherry Tree,2015,https://boxd.it/bxau,2
2023-04-01,The Invisible Man Returns,1940,https://boxd.it/1pDo,2
2023-04-01,Tremors 2: Aftershocks,1996,https://boxd.it/1UIk,2
2023-04-02,The Hazing,2004,https://boxd.it/1rnM,3
2023-04-02,The Fog,2005,https://boxd.it/29C2,2.5
2023-04-03,Amadeus,1984,https://boxd.it/2aH8,5
2023-04-03,The Playgirls and the Vampire,1960,https://boxd.it/17LO,1
2023-04-04,The Ironbound Vampire,1994,https://boxd.it/6nC4,1
2023-04-07,The Fly,1986,https://boxd.it/1YIe,4
2023-04-09,300: Rise of an Empire,2014,https://boxd.it/xaC,2
2023-04-09,The Fly II,1989,https://boxd.it/1WuE,2
2023-04-10,Pumpkinhead II: Blood Wings,1994,https://boxd.it/1bAK,1.5
2023-04-11,Don't Go in the Woods,1981,https://boxd.it/QK0,2.5
2023-04-12,Braindead,1992,https://boxd.it/29Gy,3
2023-04-13,The Two-Headed Spy,1958,https://boxd.it/4f9a,2
2023-04-14,The Skeleton Key,2005,https://boxd.it/1XxE,3
2023-04-15,Screamers,1995,https://boxd.it/1Z9Y,2.5
2023-04-16,Carnival of Souls,1998,https://boxd.it/122E,1.5
2023-04-16,Children of the Corn,1984,https://boxd.it/1ViW,1.5
2023-04-17,Scooby-Doo! and KISS: Rock and Roll Mystery,2015,https://boxd.it/bFiw,3
2023-04-17,Lake Placid,1999,https://boxd.it/1XIC,3
2023-04-18,But I'm a Cheerleader,1999,https://boxd.it/1CW4,3
2023-04-18,Head Count,2018,https://boxd.it/k5t2,4
2023-04-18,Death Wish,2018,https://boxd.it/dRqm,2
2023-04-19,The Legend of Bloody Mary,2008,https://boxd.it/eNA,1
2023-04-20,Tamara,2005,https://boxd.it/1WGq,2.5
2023-04-23,The Night Flier,1997,https://boxd.it/1Sdk,2.5
2023-04-23,Return of the Living Dead III,1993,https://boxd.it/1pTm,2
2023-04-24,Warrior Queen,1987,https://boxd.it/1leE,1
2023-04-25,The Device,2014,https://boxd.it/8Z4S,3
2023-04-25,The Thing on the Doorstep,2014,https://boxd.it/9p8G,1
2023-04-25,Creepshow,1982,https://boxd.it/1KqU,3.5
2023-04-26,House of the Dead,2003,https://boxd.it/1UJW,0.5
2023-04-26,Creepshow 2,1987,https://boxd.it/1Kq6,2
2023-04-30,Creep Van,2012,https://boxd.it/41dM,2
2023-05-01,Cam2Cam,2014,https://boxd.it/8WdM,1.5
2023-05-01,Starship Troopers 2: Hero of the Federation,2004,https://boxd.it/1WAC,1
2023-05-02,The Dorm That Dripped Blood,1982,https://boxd.it/uZ8,1
2023-05-05,Return to House on Haunted Hill,2007,https://boxd.it/1PTi,2
2023-05-05,House on Haunted Hill,1999,https://boxd.it/1TZE,2.5
2023-05-05,Bite,2015,https://boxd.it/bENS,2.5
2023-05-06,Murder by Phone,1982,https://boxd.it/2RJG,3
2023-05-06,Joy Ride,2001,https://boxd.it/1Vca,3
2023-05-06,Hollow Man,2000,https://boxd.it/1YP0,3
2023-05-10,Witchcraft V: Dance with the Devil,1993,https://boxd.it/5rJG,1
2023-05-10,M3GAN,2022,https://boxd.it/jxmG,3
2023-05-16,Frailty,2001,https://boxd.it/1Sqe,4.5
2023-05-20,The Artifice Girl,2022,https://boxd.it/B8tI,1.5
2023-05-21,Madison County,2011,https://boxd.it/2H1O,2.5
2023-05-21,Five Easy Pieces,1970,https://boxd.it/1tww,2.5
2023-05-24,John Wick,2014,https://boxd.it/7dEc,3
2023-05-25,John Wick: Chapter 2,2017,https://boxd.it/ayGu,2.5
2023-05-29,John Wick: Chapter 3 – Parabellum,2019,https://boxd.it/gmFw,2
2023-05-30,Robin Hood: Men in Tights,1993,https://boxd.it/20H8,1.5
2023-06-04,Yes Man,2008,https://boxd.it/1WPW,3
2023-06-05,Robin Hood,1973,https://boxd.it/1SRa,3
2023-06-07,Hospital Massacre,1981,https://boxd.it/6zg,3
2023-06-11,Valkyrie,2008,https://boxd.it/275g,2.5
2023-06-19,Point Break,1991,https://boxd.it/2958,4.5
2023-06-27,The Great Train Robbery,1903,https://boxd.it/22JU,2
2023-06-27,The Thing,1982,https://boxd.it/294O,4
2023-06-30,Spider-Man: Across the Spider-Verse,2023,https://boxd.it/kSz4,4
2023-06-30,Predators,2010,https://boxd.it/1d9m,3
2023-06-30,Scream,1996,https://boxd.it/24EC,4
2023-07-03,Valerian and the City of a Thousand Planets,2017,https://boxd.it/biYY,2
2023-07-04,The Hunt,2020,https://boxd.it/iE9i,3
2023-07-05,Armageddon,1998,https://boxd.it/2b9Q,3
2023-07-09,Prey,2022,https://boxd.it/sNBU,3.5
2023-07-10,Interstellar,2014,https://boxd.it/4VZ8,3
2023-07-10,Nine to Five,1980,https://boxd.it/1F2S,3.5
2023-07-11,Three Thousand Years of Longing,2022,https://boxd.it/kmoy,2.5
2023-07-11,Orphan: First Kill,2022,https://boxd.it/sxZc,4
2023-07-11,American Sniper,2014,https://boxd.it/5LDy,2.5
2023-07-14,Midsommar,2019,https://boxd.it/jhxe,4.5
2023-07-14,Hard Ticket to Hawaii,1987,https://boxd.it/1uEw,3
2023-07-16,Captain Underpants: The First Epic Movie,2017,https://boxd.it/8312,3
2023-07-16,The Cabin in the Woods,2011,https://boxd.it/1zOc,4
2023-07-16,Traffic,2000,https://boxd.it/27Ue,3.5
2023-07-17,Circle,2015,https://boxd.it/b5So,3
2023-07-17,The Meg,2018,https://boxd.it/bAL4,2
2023-07-17,Evil Dead Rise,2023,https://boxd.it/qIvo,4
2023-07-18,The Whale,2022,https://boxd.it/tw4c,3
2023-07-18,The Cabinet of Dr. Caligari,1920,https://boxd.it/2aOo,2.5
2023-07-18,You're Next,2011,https://boxd.it/2WWK,4
2023-07-23,I Am Legend,2007,https://boxd.it/21DG,4
2023-07-24,Alien³,1992,https://boxd.it/20zS,2
2023-07-24,Audition,1999,https://boxd.it/1UHm,4
2023-07-25,Jack-Jack Attack,2005,https://boxd.it/1P6q,3.5
2023-07-29,The Long Hair of Death,1964,https://boxd.it/2USc,2
2023-07-31,Pretty in Pink,1986,https://boxd.it/1TEw,3
2023-07-31,Jojo Rabbit,2019,https://boxd.it/iEBG,4.5
2023-08-04,Broken Blossoms,1919,https://boxd.it/29kC,2
2023-08-08,Argo,2012,https://boxd.it/2czU,3
2023-08-11,Annabelle,2014,https://boxd.it/7l84,2.5
2023-08-11,Sinister,2012,https://boxd.it/2TnW,4
2023-08-16,Hereditary,2018,https://boxd.it/hNVe,4.5
2023-08-16,Thir13en Ghosts,2001,https://boxd.it/1YPO,2
2023-08-26,The Fox and the Hound,1981,https://boxd.it/1V0o,3
2023-08-26,Xtro,1982,https://boxd.it/1v1q,2.5
2023-08-26,The Witch,2015,https://boxd.it/9X0m,4.5
2023-08-27,The Witch Who Came from the Sea,1976,https://boxd.it/v2w,3
2023-08-27,Willow,1988,https://boxd.it/29t0,2.5
2023-08-28,Wrong Turn 3: Left for Dead,2009,https://boxd.it/1yJ6,2
2023-08-28,The World's Greatest Lover,1977,https://boxd.it/PbS,1.5
2023-08-29,Oppenheimer,2023,https://boxd.it/wUow,4
2023-08-29,Count Dracula's Great Love,1973,https://boxd.it/1rUc,1
2023-09-04,Slender Man,2018,https://boxd.it/fBcs,1.5
2023-09-04,Children of the Corn II: The Final Sacrifice,1992,https://boxd.it/1vco,1
2023-09-06,Scalps,1983,https://boxd.it/22F4,3
2023-09-11,Big George Foreman,2023,https://boxd.it/x8vm,2
2023-09-12,Space Thing,1968,https://boxd.it/1l3Q,1
2023-09-12,Private Benjamin,1980,https://boxd.it/1VrY,2
2023-09-15,Jocks,1986,https://boxd.it/2fae,1.5
2023-09-15,Hobgoblins,1988,https://boxd.it/1jwQ,2
2023-09-17,The Wild Party,1975,https://boxd.it/3LfW,1.5
2023-09-18,Death on the Nile,2022,https://boxd.it/ifpg,2.5
2023-09-20,Duck Soup,1933,https://boxd.it/25PG,3
2023-09-20,The Crawlers,1991,https://boxd.it/3Dcq,1
2023-09-21,Color Out of Space,2019,https://boxd.it/k1HY,3
2023-09-26,Red Heat,1988,https://boxd.it/1Yga,2
2023-09-26,Sweet Sixteen,1983,https://boxd.it/2J54,1.5
2023-09-27,Nocturne,2020,https://boxd.it/nTaK,3
2023-09-27,Black Mirror: Shut Up and Dance,2016,https://boxd.it/hRRq,4.5
2023-09-27,Alien Resurrection,1997,https://boxd.it/20zI,2
2023-09-28,Beware! The Blob,1972,https://boxd.it/10sK,1.5
2023-09-29,Pledge Night,1990,https://boxd.it/2rYq,2
2023-09-30,Dead Men Don't Wear Plaid,1982,https://boxd.it/1YFE,2
2023-09-30,The Babysitter,2017,https://boxd.it/eP1w,3.5
2023-10-04,Asylum,2008,https://boxd.it/1FFA,2
2023-10-04,Wicked Lake,2008,https://boxd.it/1vwI,0.5
2023-10-06,Child's Play,1988,https://boxd.it/1VTo,3
2023-10-08,Thinner,1996,https://boxd.it/1WDQ,2.5
2023-10-09,Eight Legged Freaks,2002,https://boxd.it/1ZIa,1
2023-10-10,Malignant,2021,https://boxd.it/mViE,3.5
2023-10-10,Revenge of the Nerds II: Nerds in Paradise,1987,https://boxd.it/1Jxg,1.5
2023-10-15,The Blair Witch Project,1999,https://boxd.it/26ua,3.5
2023-10-15,The Last of the Mohicans,1992,https://boxd.it/1YSo,4.5
2023-10-15,Candyman,1992,https://boxd.it/1Ys6,4
2023-10-16,The Wicker Man,2006,https://boxd.it/1XZS,2
2023-10-18,Eerie Fairy Tales,2019,https://boxd.it/oqcu,2.5
2023-10-19,Boo,2005,https://boxd.it/1DS8,1
2023-10-20,Creep Nation,2019,https://boxd.it/lI3Y,3
2023-10-23,Totally Killer,2023,https://boxd.it/AOpG,3
2023-10-24,Crypto,2019,https://boxd.it/kOHS,2
2023-10-25,The Day After Tomorrow,2004,https://boxd.it/2aog,2
2023-10-26,Muppets Haunted Mansion,2021,https://boxd.it/vaTw,2
2023-10-30,Creepshow 3,2006,https://boxd.it/1Koa,0.5
2023-10-31,Summer of 84,2018,https://boxd.it/gQYe,3
2023-11-01,The 6th Friend,2016,https://boxd.it/fH4u,3
2023-11-01,The Immoral Mr. Teas,1959,https://boxd.it/22OA,1
2023-11-02,Black Christmas,2019,https://boxd.it/ka4G,2
2023-11-05,Vincent Price's Dracula,1986,https://boxd.it/68BA,2
2023-11-10,Trick or Treat,1952,https://boxd.it/2f9g,3
2023-11-10,The Skeleton Dance,1929,https://boxd.it/374E,3
2023-11-10,Galaxina,1980,https://boxd.it/1g0i,0.5
2023-11-13,The Mitchells vs. the Machines,2021,https://boxd.it/i7xm,4.5
2023-11-13,Candy Stripers,2006,https://boxd.it/wOG,1.5
2023-11-14,Fright Night 2: New Blood,2013,https://boxd.it/6ooC,3
2023-11-14,"Ruby Gillman, Teenage Kraken",2023,https://boxd.it/Dmne,1.5
2023-11-16,Hacksaw Ridge,2016,https://boxd.it/azew,3
2023-11-17,Twinky,1970,https://boxd.it/2Hsq,0.5
2023-11-17,Renfield,2023,https://boxd.it/o8vy,3.5
2023-11-17,Elemental,2023,https://boxd.it/ASiE,2.5
2023-11-17,The Adventure of Sherlock Holmes' Smarter Brother,1975,https://boxd.it/1mwa,2
2023-11-17,Supernova,2000,https://boxd.it/1WoQ,2.5
2023-11-18,Night School,1981,https://boxd.it/v14,2
2023-11-18,AVP: Alien vs. Predator,2004,https://boxd.it/2atU,3
2023-11-19,Aliens vs Predator: Requiem,2007,https://boxd.it/2ans,1.5
2023-11-19,See No Evil,2006,https://boxd.it/1XjM,2
2023-11-20,Sleepaway Camp,1983,https://boxd.it/1PSY,3
2023-11-20,Sleepaway Camp II: Unhappy Campers,1988,https://boxd.it/1e2c,2
2023-11-20,Scary Movie,2000,https://boxd.it/24CG,1.5
2023-11-20,Scary Movie 2,2001,https://boxd.it/24Cw,1
2023-11-20,My Tutor,1983,https://boxd.it/27ei,2
2023-11-22,Autopsy,2008,https://boxd.it/1Juc,2.5
2023-11-24,Dracula 3D,2012,https://boxd.it/4nxk,2
2023-11-24,The Beastmaster,1982,https://boxd.it/1K5s,2.5
2023-11-25,The Equalizer,2014,https://boxd.it/4TUK,4
2023-11-26,Lake Placid 2,2007,https://boxd.it/1Ji6,1
2023-11-26,Needful Things,1993,https://boxd.it/1VI6,2.5
2023-11-26,Payback,2021,https://boxd.it/mjBS,2.5
2023-11-27,Host,2020,https://boxd.it/r5O4,3.5
2023-11-27,Mortal Kombat,2021,https://boxd.it/gswA,2
2023-11-27,Crazy Lake,2016,https://boxd.it/gJMA,1.5
2023-11-27,Deal With the Devil,2018,https://boxd.it/kqQG,1.5
2023-12-05,House of the Dead 2,2005,https://boxd.it/1nO0,1
2023-12-06,Double Exposure,1982,https://boxd.it/tdC,2
2023-12-06,Beyond Loch Ness,2008,https://boxd.it/IyK,2
2023-12-06,Boarding Gate,2007,https://boxd.it/1Nug,2.5
2023-12-07,Blood and Black Lace,1964,https://boxd.it/1qme,3
2023-12-07,Boogeyman,2005,https://boxd.it/1ZtY,1.5
2023-12-08,Blood of Dracula,1957,https://boxd.it/3I84,1
2023-12-08,Hellraiser: Bloodline,1996,https://boxd.it/1ZSk,2.5
2023-12-08,Breaking In,2018,https://boxd.it/hXkC,2
2023-12-13,The Cheap Detective,1978,https://boxd.it/1NN8,2
2023-12-13,Two Thousand Maniacs!,1964,https://boxd.it/1q4k,2
2023-12-14,Beastmaster 2: Through the Portal of Time,1991,https://boxd.it/1rxi,2
2023-12-14,Dante's Inferno: An Animated Epic,2010,https://boxd.it/1i18,2
2023-12-14,Terminal Island,1973,https://boxd.it/3dmE,2.5
2023-12-14,Man of Steel,2013,https://boxd.it/FRk,3.5
2023-12-22,Hollow Man II,2006,https://boxd.it/1ZpM,1.5
2023-12-28,The Creeps,1997,https://boxd.it/2mc2,1
2023-12-28,Spirit Camp,2009,https://boxd.it/10YQ,1.5
2024-01-04,Final Exam,1981,https://boxd.it/11IE,1
2024-01-07,Grosse Pointe Blank,1997,https://boxd.it/1YGW,4.5
2024-01-07,Trapped,1982,https://boxd.it/KNs,2
2024-01-16,Lurking Fear,1994,https://boxd.it/So6,1
2024-01-16,No One Gets Out Alive,2021,https://boxd.it/rOay,3.5
2024-01-18,Joy Ride 2: Dead Ahead,2008,https://boxd.it/1JIy,1.5
2024-01-19,Children of the Corn V: Fields of Terror,1998,https://boxd.it/1vbU,1
2024-01-21,Talk to Me,2022,https://boxd.it/C6uQ,4
2024-01-21,The Swarm,1978,https://boxd.it/M5M,1
2024-01-25,Boogeyman 2,2007,https://boxd.it/1N7w,3
2024-01-26,Ice Spiders,2007,https://boxd.it/1IRa,1
2024-01-29,Leave the World Behind,2023,https://boxd.it/re0i,3
2024-01-31,Hulk,2003,https://boxd.it/27PS,3
2024-02-02,V for Vendetta,2005,https://boxd.it/29Ik,3
2024-02-04,Scar Crow,2009,https://boxd.it/4DM6,1.5
2024-02-04,Taboo,2002,https://boxd.it/3mgA,1
2024-02-04,Piranha,1995,https://boxd.it/IC8,2
2024-02-05,Don't Look Down,1998,https://boxd.it/jFc,1
2024-02-10,Wish Dragon,2021,https://boxd.it/k6w2,3
2024-02-15,Cries in the Night,1980,https://boxd.it/2qOY,1
2024-02-20,Blackbeard's Ghost,1968,https://boxd.it/1KuM,2.5
2024-02-23,Deadpool 2,2018,https://boxd.it/dlLM,2.5
2024-03-04,The Seamstress,2009,https://boxd.it/1A7y,1
2024-03-04,"I, Tonya",2017,https://boxd.it/dzR0,3.5
2024-03-04,Puppet Master,1989,https://boxd.it/1sOk,1.5
2024-03-06,Wrong Turn 5: Bloodlines,2012,https://boxd.it/474Q,1
2024-03-10,Napoleon,2023,https://boxd.it/shJM,2.5
2024-03-10,Winnie the Pooh: Blood and Honey,2023,https://boxd.it/B1rg,1
2024-03-11,"Good Morning, Vietnam",1987,https://boxd.it/29Aq,3
2024-03-12,Wrong Turn 6: Last Resort,2014,https://boxd.it/7FdI,1
2024-03-14,Lord of Illusions,1995,https://boxd.it/1Ztk,3
2024-03-14,Knock Knock,2015,https://boxd.it/7Q9s,3.5
2024-03-14,Electric Dreams,1984,https://boxd.it/1ERq,2.5
2024-03-14,Horror High,1973,https://boxd.it/1nB6,1
2024-03-15,The Autopsy of Jane Doe,2016,https://boxd.it/dUu2,4.5
2024-03-16,Toy Story 2,1999,https://boxd.it/29qq,4
2024-03-18,Leprechaun 3,1995,https://boxd.it/1Fme,1
2024-03-19,Dune: Part Two,2024,https://boxd.it/pUfA,4
2024-03-19,Lisa and the Devil,1973,https://boxd.it/232M,1.5
2024-03-19,The Super Mario Bros. Movie,2023,https://boxd.it/i8C8,2.5
2024-03-20,Absurd,1981,https://boxd.it/236k,0.5
2024-03-21,Unfriended,2014,https://boxd.it/8sXg,3
2024-03-21,National Lampoon's European Vacation,1985,https://boxd.it/1TTc,1
2024-03-21,Natural Born Killers,1994,https://boxd.it/2aNg,4
2024-03-25,The Pelican Brief,1993,https://boxd.it/1Xt8,3
2024-03-25,The Devil Inside Her,1977,https://boxd.it/1nem,1.5
2024-03-25,Frankenstein's Castle of Freaks,1974,https://boxd.it/25CC,0.5
2024-03-26,Jersey Shore Massacre,2014,https://boxd.it/8YvS,1
2024-03-26,Hack-O-Lantern,1988,https://boxd.it/3j00,1
2024-03-29,Piranha,1978,https://boxd.it/1wTI,2
2024-04-07,Wonka,2023,https://boxd.it/tCQm,3
2024-04-09,Hackers,1995,https://boxd.it/1WhU,2.5
2024-04-09,Skin: A History of Nudity in the Movies,2020,https://boxd.it/r5G0,2
2024-04-10,The Princess Bride,1987,https://boxd.it/26EY,5
2024-04-10,Austin Powers in Goldmember,2002,https://boxd.it/29xG,1.5
2024-04-11,Beyond Atlantis,1973,https://boxd.it/353Y,1
2024-04-11,Back to the Future,1985,https://boxd.it/2b8e,4.5
2024-04-14,The SpongeBob SquarePants Movie,2004,https://boxd.it/1SYq,3
2024-04-14,Arsenic and Old Lace,1944,https://boxd.it/2aRW,4
2024-04-15,Forgetting Sarah Marshall,2008,https://boxd.it/1XEq,4
2024-04-15,Leo,2023,https://boxd.it/EGzm,2
2024-04-15,The Bay,2012,https://boxd.it/43JK,3
2024-04-15,King Solomon's Mines,1985,https://boxd.it/1XGG,1.5
2024-04-16,Hellraiser,1987,https://boxd.it/1Zpi,3.5
2024-04-17,This Place Rules,2022,https://boxd.it/CJGm,2.5
2024-04-17,The Toy,1982,https://boxd.it/1yKe,1
2024-04-17,Trick or Treat,1986,https://boxd.it/1vPq,2
2024-04-17,Tron,1982,https://boxd.it/2b9w,2
2024-04-20,Get Him to the Greek,2010,https://boxd.it/1gyk,3
2024-04-22,Hellbound: Hellraiser II,1988,https://boxd.it/1ZfW,2
2024-04-23,Hellraiser III: Hell on Earth,1992,https://boxd.it/1TwW,2
2024-04-24,Hellraiser: Inferno,2000,https://boxd.it/1RCe,2.5
2024-04-30,The Killer Eye,1999,https://boxd.it/qs,2
2024-05-03,Vacancy 2: The First Cut,2008,https://boxd.it/1LQ0,2
2024-05-05,Fright Night,1985,https://boxd.it/1T4e,4
2024-05-10,The Ballad of Tam Lin,1970,https://boxd.it/49Y2,1
2024-05-10,They All Must Die!,1998,https://boxd.it/3Dew,0.5
2024-05-10,The Boogey Man,1980,https://boxd.it/12cu,1.5
2024-05-11,Fury,2014,https://boxd.it/6JwC,4
2024-05-11,The Happening,2008,https://boxd.it/200o,1.5
2024-05-12,ABCs of Death 2,2014,https://boxd.it/5QbE,2
2024-05-16,The Phantom Carriage,1921,https://boxd.it/l4s,2
2024-05-16,Nosferatu,1922,https://boxd.it/29TM,2
2024-05-16,After.Life,2009,https://boxd.it/1aAY,3
2024-05-17,Oculus,2013,https://boxd.it/4W9M,3.5
2024-05-18,The Ballad of Buster Scruggs,2018,https://boxd.it/jB2q,4
2024-05-19,Finding Nemo,2003,https://boxd.it/72i,4
2024-05-21,Bad Lieutenant,1992,https://boxd.it/1Src,3
2024-05-21,Stardust,2007,https://boxd.it/272w,5
2024-05-22,The Searchers,1956,https://boxd.it/25HC,2
2024-05-22,Secondhand Lions,2003,https://boxd.it/1QHC,2.5
2024-05-23,The Gold Rush,1925,https://boxd.it/29ce,2
2024-05-23,The Frighteners,1996,https://boxd.it/1Vq2,3.5
2024-05-25,Catch-22,1970,https://boxd.it/1WrK,2.5
2024-05-25,Within Our Gates,1920,https://boxd.it/2GIC,2.5
2024-05-26,Daughter of Dracula,1972,https://boxd.it/5q6o,2
2024-05-26,The Time Machine,1960,https://boxd.it/27mQ,3
2024-05-26,Private School,1983,https://boxd.it/1Gf4,2
2024-05-26,Flatliners,1990,https://boxd.it/28D4,3.5
2024-05-26,Feast,2005,https://boxd.it/1Xag,2
2024-05-26,The Fifth Element,1997,https://boxd.it/71k,4.5
2024-05-28,Glass Onion,2022,https://boxd.it/oCkK,4
2024-05-29,The Town That Dreaded Sundown,1976,https://boxd.it/J3I,2
2024-05-29,Batman v Superman: Dawn of Justice,2016,https://boxd.it/6fBW,2.5
2024-05-30,The Texas Chain Saw Massacre,1974,https://boxd.it/1lcS,4
2024-05-31,Betting on Zero,2016,https://boxd.it/drPA,2
2024-05-31,Nope,2022,https://boxd.it/sDCe,3.5
2024-06-02,Raya and the Last Dragon,2021,https://boxd.it/jbkI,4.5
2024-06-02,Soul,2020,https://boxd.it/ioLA,4
2024-06-03,Turbo,2013,https://boxd.it/2Hzw,2
2024-06-03,The Birds,1963,https://boxd.it/2a6m,2.5
2024-06-05,Arlington Road,1999,https://boxd.it/295C,4
2024-06-05,There Will Be Blood,2007,https://boxd.it/20Z2,4
2024-06-06,10 Cloverfield Lane,2016,https://boxd.it/aZiu,4
2024-06-10,The Strangers,2008,https://boxd.it/1VGY,4
2024-06-10,Don't Look Back,2020,https://boxd.it/rVIC,2.5
2024-06-10,The Texas Chainsaw Massacre,2003,https://boxd.it/1YQs,3
2024-06-11,No One Will Save You,2023,https://boxd.it/uUO6,3.5
2024-06-11,The Others,2001,https://boxd.it/27Po,4
2024-06-11,Snow White and the Seven Dwarfs,1937,https://boxd.it/2arO,3.5
2024-06-11,Pinocchio,1940,https://boxd.it/1V8C,4
2024-06-11,Casablanca,1942,https://boxd.it/2aG0,4
2024-06-11,Rear Window,1954,https://boxd.it/2a6Q,2.5
2024-06-11,True Lies,1994,https://boxd.it/19pq,3
2024-06-11,The Ritual,2017,https://boxd.it/fo0I,4
2024-06-12,The Fountainhead,1949,https://boxd.it/1xgW,1
2024-06-12,Greyhound,2020,https://boxd.it/iIaE,3
2024-06-12,Shane Gillis: Beautiful Dogs,2023,https://boxd.it/Ijri,4
2024-06-13,Pride,2014,https://boxd.it/6TwM,5
2024-06-13,Forbidden Planet,1956,https://boxd.it/29vK,3.5
2024-06-13,Mary Poppins,1964,https://boxd.it/2aoA,2.5
2024-06-13,Blazing Saddles,1974,https://boxd.it/1UHQ,2
2024-06-13,Young Frankenstein,1974,https://boxd.it/25To,4
2024-06-13,Jaws,1975,https://boxd.it/2a5e,4
2024-06-13,Bram Stoker's Dracula,1992,https://boxd.it/223a,4.5
2024-06-14,The Big Short,2015,https://boxd.it/ajZw,4
2024-06-14,The Hangover,2009,https://boxd.it/1GjK,5
2024-06-14,Fantasia,1940,https://boxd.it/29HG,3
2024-06-14,Roger & Me,1989,https://boxd.it/289I,3.5
2024-06-15,Compelling Evidence,1995,https://boxd.it/1mxC,0.5
2024-06-15,A Nightmare on Elm Street: The Dream Child,1989,https://boxd.it/1WWe,1.5
2024-06-16,"I Love You, Man",2009,https://boxd.it/1JZu,3.5
2024-06-17,Indiana Jones and the Kingdom of the Crystal Skull,2008,https://boxd.it/2aR8,1.5
2024-06-17,Raiders of the Lost Ark,1981,https://boxd.it/2bbs,4.5
2024-06-17,Avatar,2009,https://boxd.it/1Efm,4
2024-06-18,Escape Room,2019,https://boxd.it/iYlS,3.5
2024-06-18,The Color of Money,1986,https://boxd.it/1SSM,3
2024-06-20,Candy Land,2022,https://boxd.it/v9SW,3.5
2024-06-20,Truck Stop Women,1974,https://boxd.it/3f0K,1
2024-06-20,The Terminator,1984,https://boxd.it/2aQY,4
2024-06-21,Drag Me to Hell,2009,https://boxd.it/1Jzw,2.5
2024-06-21,mother!,2017,https://boxd.it/dgRU,3
2024-06-21,Terminator 2: Judgment Day,1991,https://boxd.it/2aGY,4
2024-06-21,The Matrix,1999,https://boxd.it/2a1m,4.5
2024-06-22,Sicario,2015,https://boxd.it/8i7u,3.5
2024-06-22,Get Out,2017,https://boxd.it/eOCm,4.5
2024-06-22,The Sixth Sense,1999,https://boxd.it/29Js,4
2024-06-23,Lustful Addiction,2003,https://boxd.it/9XA,1
2024-06-23,The Mutilator,1984,https://boxd.it/11Ly,2
2024-07-03,Beetlejuice,1988,https://boxd.it/24QI,4
2024-07-03,The Social Network,2010,https://boxd.it/17ue,4
2024-07-04,Whiplash,2014,https://boxd.it/7bQA,4
2024-07-13,The 40 Year Old Virgin,2005,https://boxd.it/21hK,3.5
2024-07-13,300,2006,https://boxd.it/28XI,3
2024-07-13,Maximum Overdrive,1986,https://boxd.it/1XnO,1
2024-07-17,All the Boys Love Mandy Lane,2006,https://boxd.it/1Zmy,2.5
2024-07-20,Laserblast,1978,https://boxd.it/1HWI,1.5
2024-07-23,PCU,1994,https://boxd.it/1O7W,3.5
2024-07-26,Risky Business,1983,https://boxd.it/1YUE,3
2024-07-26,Romeo + Juliet,1996,https://boxd.it/2ama,4
2024-07-29,Vacancy,2007,https://boxd.it/1WBU,2.5
2024-07-30,Passengers,2016,https://boxd.it/8lFu,2
2024-07-30,Annabelle: Creation,2017,https://boxd.it/dSxe,1
2024-07-30,Atomic Blonde,2017,https://boxd.it/blDk,4
2024-08-02,Louis C.K.: Shameless,2007,https://boxd.it/1xE0,4
2024-08-02,In Bruges,2008,https://boxd.it/20n8,4
2024-08-08,What We Do in the Shadows,2014,https://boxd.it/7eQy,2.5
2024-08-14,Pearl,2022,https://boxd.it/zPbe,3
2024-08-18,+1,2013,https://boxd.it/5p4m,2.5
2024-08-18,Deadpool & Wolverine,2024,https://boxd.it/jq8s,2.5
2024-08-20,Alien: Covenant,2017,https://boxd.it/49UY,3.5
2024-08-23,Porky's,1981,https://boxd.it/1WJa,1.5
2024-08-23,WarGames,1983,https://boxd.it/29qU,3
2024-08-25,13 Going on 30,2004,https://boxd.it/1X6e,3
2024-09-01,The Best Little Whorehouse in Texas,1982,https://boxd.it/1Kgg,1.5
2024-09-01,Starship Troopers,1997,https://boxd.it/2a7k,5
2024-09-01,The Devil's Advocate,1997,https://boxd.it/286k,4
2024-09-03,Confessions of a Window Cleaner,1974,https://boxd.it/1fMq,1
2024-09-04,Jennifer's Body,2009,https://boxd.it/1Efw,2.5
2024-09-05,Halloween,1978,https://boxd.it/2wRu,3
2024-09-05,Halloween II,1981,https://boxd.it/1UeE,2
2024-09-07,Inside Out 2,2024,https://boxd.it/CFrC,3
2024-09-07,Alien: Romulus,2024,https://boxd.it/zGqO,4
2024-09-08,13th,2016,https://boxd.it/elNg,4
2024-09-09,Oblivion,2013,https://boxd.it/2Bzq,3
2024-09-09,Bodies Bodies Bodies,2022,https://boxd.it/iRcE,3
2024-09-10,52 Pick-Up,1986,https://boxd.it/1GFw,3
2024-09-10,Club Dread,2004,https://boxd.it/1Ulq,3
2024-09-11,Bastard,2015,https://boxd.it/8VZq,2
2024-09-12,Cabin Fever,2002,https://boxd.it/1TAu,1.5
2024-09-13,Red Devil,2019,https://boxd.it/oeFY,0.5
2024-09-13,Would You Rather,2012,https://boxd.it/3m0W,2
2024-09-17,Celebrity Sex Tape,2012,https://boxd.it/36Ne,0.5
2024-09-17,Clash of the Titans,1981,https://boxd.it/1WxI,2
2024-09-17,Species III,2004,https://boxd.it/1XZo,1
2024-09-19,Hostel: Part II,2007,https://boxd.it/28i6,2.5
2024-09-21,Hostel,2005,https://boxd.it/28ig,3
2024-09-22,Left for Dead,2007,https://boxd.it/nc4,1.5
2024-09-23,Piranha II: The Spawning,1982,https://boxd.it/1iDm,1
2024-09-23,Nineteen Eighty-Four,1984,https://boxd.it/1YZE,4
2024-09-25,Hellraiser: Hellworld,2005,https://boxd.it/1Rom,1
2024-09-25,The Pact,2012,https://boxd.it/3K28,3
2024-09-27,Kill Bill: Vol. 1,2003,https://boxd.it/70w,3.5
2024-09-27,The Pact II,2014,https://boxd.it/6JNy,2.5
2024-09-27,Kill Bill: Vol. 2,2004,https://boxd.it/2au4,2.5
2024-09-28,A Virgin Among the Living Dead,1973,https://boxd.it/1FIk,1
2024-10-01,Superman II,1980,https://boxd.it/204q,4
2024-10-01,Superman III,1983,https://boxd.it/1YrM,1
2024-10-02,Pulse,2006,https://boxd.it/1Y44,1.5
2024-10-02,Diamond Cartel,2015,https://boxd.it/62gQ,1
2024-10-02,Downfall,2004,https://boxd.it/2a04,4
2024-10-03,Sleepaway Camp III: Teenage Wasteland,1989,https://boxd.it/1e22,1
2024-10-03,Embrace of the Vampire,2013,https://boxd.it/6Exg,1.5
2024-10-03,Candyman: Farewell to the Flesh,1995,https://boxd.it/1ViM,2
2024-10-03,Stargate,1994,https://boxd.it/27iu,4
2024-10-06,Winchester,2018,https://boxd.it/eGWS,2
2024-10-06,Tales from the Crypt,1972,https://boxd.it/14Qc,2.5
2024-10-06,Piranha 3D,2010,https://boxd.it/U5q,2
2024-10-08,Friday the 13th Part VIII: Jason Takes Manhattan,1989,https://boxd.it/1WDm,1.5
2024-10-08,Piranha 3DD,2012,https://boxd.it/2qow,1
2024-10-08,Hellraiser: Revelations,2011,https://boxd.it/2ta8,1
2024-10-11,Tulpa - Demon of Desire,2012,https://boxd.it/4cjG,2
2024-10-13,American Assassin,2017,https://boxd.it/eFLE,1.5
2024-10-13,Candyman: Day of the Dead,1999,https://boxd.it/1RTu,1.5
2024-10-14,The Lords of Salem,2012,https://boxd.it/3yDm,3.5
2024-10-14,The Punisher,1989,https://boxd.it/1ZIu,2
2024-10-20,A Quiet Place: Day One,2024,https://boxd.it/sDAi,2.5
2024-10-21,Beverly Hills Cop,1984,https://boxd.it/2baE,2.5
2024-10-23,Dead Mary,2007,https://boxd.it/1KAK,2.5
2024-10-23,Return to Sleepaway Camp,2008,https://boxd.it/1cdW,1
2024-10-24,Malicious,2018,https://boxd.it/f5Zi,1.5
2024-10-27,Mercy Black,2019,https://boxd.it/lIZI,2.5
2024-10-28,Heathers,1989,https://boxd.it/26x4,4
2024-10-28,Rest Stop,2006,https://boxd.it/1XGc,2.5
2024-11-02,Paranormal Activity,2007,https://boxd.it/1yIM,3.5
2024-11-03,The House by the Lake,1976,https://boxd.it/122k,2
2024-11-03,Jumanji: Welcome to the Jungle,2017,https://boxd.it/bUeE,3.5
2024-11-03,Civil War,2024,https://boxd.it/z1jW,3.5
2024-11-03,Forbidden World,1982,https://boxd.it/XmE,2
2024-11-05,Creature,2011,https://boxd.it/2wSs,1.5
2024-11-06,Friday the 13th: The Final Chapter,1984,https://boxd.it/1XWO,3
2024-11-07,Friday the 13th,1980,https://boxd.it/24fs,2.5
2024-11-08,Friday the 13th Part 2,1981,https://boxd.it/1XXC,2
2024-11-08,Friday the 13th Part III,1982,https://boxd.it/1XX8,1.5
2024-11-13,Friday the 13th,2009,https://boxd.it/1QAw,3
2024-11-13,The Green Knight,2021,https://boxd.it/kuy2,4
2024-11-13,Pet Sematary,2019,https://boxd.it/4W0q,2
2024-11-14,The Ring Two,2005,https://boxd.it/1Wy2,2
2024-11-14,Leprechaun in the Hood,2000,https://boxd.it/1HIw,2
2024-11-15,Tomboy,1985,https://boxd.it/27eM,1.5
2024-11-15,Paranormal Activity 4,2012,https://boxd.it/2UGq,1.5
